,City,Cloudiness,Country,Date,Humidity,Lat,Lng,Max Temp,Wind Speed
0,Alice Springs,0,AU,1562708933,45,-23.7,133.88,42.8,5.82
1,Vaini,96,IN,1562708998,86,15.34,74.49,77.87,10.04
2,Rikitea,37,PF,1562708999,83,-23.12,-134.97,73.55,15.21
3,Chuy,100,UY,1562709000,86,-33.69,-53.46,52.13,6.62
4,Lavrentiya,0,RU,1562709002,32,65.58,-170.99,69.95,6.13
5,Upernavik,5,GL,1562709003,80,72.79,-56.15,42.23,23.85
6,Ostrovnoy,100,RU,1562709004,96,68.05,39.51,40.25,16.58
7,Bredasdorp,0,ZA,1562709005,93,-34.53,20.04,48.2,2.24
8,Tretten,12,NO,1562709007,68,61.31,10.3,52.0,1.01
9,Awbari,0,LY,1562708999,8,26.59,12.77,87.41,6.26
10,El Retorno,40,CO,1562709009,64,2.33,-72.63,82.19,2.53
11,Tiksi,10,RU,1562709010,75,71.64,128.87,58.97,12.82
12,Fairbanks,75,US,1562708726,28,64.84,-147.72,84.99,5.82
13,Faanui,6,PF,1562709012,76,-16.48,-151.75,77.69,14.9
14,Roald,20,NO,1562709014,93,62.58,6.12,60.8,13.87
15,Boende,100,CD,1562709015,92,-0.28,20.88,72.65,2.24
16,Bluff,86,AU,1562709016,91,-23.58,149.07,59.87,1.88
17,Clyde River,1,CA,1562708729,58,70.47,-68.59,59.0,9.17
18,Jamestown,0,AU,1562709019,64,-33.21,138.6,45.65,11.39
19,New Norfolk,75,AU,1562709021,75,-42.78,147.06,48.99,6.93
20,Punta Arenas,90,CL,1562709022,100,-53.16,-70.91,37.4,3.36
21,Severo-Kurilsk,94,RU,1562709023,95,50.68,156.12,43.49,11.32
22,Duzce,1,TR,1562709028,67,40.84,31.16,66.53,3.11
23,Kapaa,40,US,1562709029,79,22.08,-159.32,84.2,13.87
24,Saldanha,4,PT,1562709031,46,41.42,-6.55,72.65,3.06
25,Saint-Georges,80,CA,1562709032,42,46.12,-70.67,79.0,3.0
26,Albany,75,US,1562709028,33,42.65,-73.75,88.0,3.36
27,Hamilton,90,CA,1562708979,41,43.26,-79.87,84.0,0.94
28,East London,0,ZA,1562708830,90,-33.02,27.91,52.13,3.47
29,Nikolskoye,90,RU,1562709037,93,59.7,30.79,57.0,6.71
30,Qaanaaq,100,GL,1562709038,84,77.48,-69.36,39.53,4.14
31,Port Elizabeth,1,US,1562709003,58,39.31,-74.98,89.01,6.93
32,Hermanus,0,ZA,1562709040,98,-34.42,19.24,55.0,14.83
33,Cape Town,0,ZA,1562708873,93,-33.93,18.42,55.99,5.82
34,Moron,97,HT,1562709043,68,18.56,-74.26,82.91,4.07
35,Saint-Philippe,1,CA,1562709044,35,45.36,-73.48,87.01,4.7
36,Tautira,20,PF,1562709045,61,-17.73,-149.15,82.4,3.36
37,Mataura,100,NZ,1562709046,98,-46.19,168.86,41.0,1.01
38,Gari,100,RU,1562709048,83,59.43,62.35,56.27,3.98
39,Dvinskoy,100,RU,1562709049,71,62.16,45.12,57.71,9.6
40,Malanville,100,NE,1562709050,82,11.86,3.39,74.63,2.59
41,Port Hedland,100,AU,1562709051,62,-20.31,118.58,59.0,9.17
42,Torbay,40,CA,1562709053,49,47.66,-52.73,69.01,19.46
43,Tubuala,90,PA,1562709054,88,9.52,-79.03,77.0,3.36
44,Labuhan,100,ID,1562708977,88,-2.54,115.51,73.01,0.2
45,Coahuayana,24,MX,1562709056,50,18.62,-100.35,92.99,1.59
46,Dossor,100,KZ,1562709057,33,47.52,52.98,87.77,14.81
47,Ushuaia,75,AR,1562709058,100,-54.81,-68.31,35.6,3.36
48,Waipawa,100,NZ,1562709061,92,-39.94,176.59,48.0,1.61
49,Bethel,1,US,1562709062,73,60.79,-161.76,75.2,9.17
50,Pokhara,100,NP,1562709064,83,28.21,83.99,57.71,2.39
51,Sur,100,OM,1562709065,51,22.57,59.53,87.05,16.64
52,Castro,75,CL,1562709067,100,-42.48,-73.76,51.8,8.05
53,Tuatapere,100,NZ,1562709068,98,-46.13,167.69,41.0,1.01
54,Pangnirtung,75,CA,1562709025,71,66.15,-65.72,57.2,2.24
55,Tasiilaq,40,GL,1562709070,81,65.61,-37.64,42.8,10.29
56,Murgab,0,TM,1562709072,47,37.5,61.97,80.6,4.7
57,Aykhal,0,RU,1562709074,67,65.95,111.51,59.0,6.71
58,Geraldton,90,CA,1562709075,54,49.72,-86.95,78.8,14.99
59,Arraial do Cabo,0,BR,1562709076,64,-22.97,-42.02,68.0,9.17
60,Deniliquin,0,AU,1562709077,93,-35.53,144.96,42.01,5.99
61,Yellowknife,75,CA,1562709078,62,62.45,-114.38,57.2,11.41
62,Jacareacanga,78,BR,1562709080,58,-6.22,-57.76,84.17,1.3
63,Puerto Ayora,40,EC,1562709081,57,-0.74,-90.35,80.6,21.92
64,Kahului,40,US,1562709082,52,20.89,-156.47,91.4,21.92
65,Carnarvon,0,ZA,1562709083,44,-30.97,22.13,52.31,5.7
66,Omsukchan,0,RU,1562709085,44,62.53,155.8,59.15,4.81
67,Kruisfontein,0,ZA,1562709086,87,-34.0,24.73,51.41,2.26
68,San Cristobal,52,HN,1562709087,54,14.68,-86.92,82.91,9.71
69,Barrow,0,AR,1562709088,67,-38.31,-60.23,51.95,5.37
70,Busselton,31,AU,1562709090,61,-33.64,115.35,57.0,17.13
71,Yeniseysk,74,RU,1562709092,83,58.45,92.17,57.53,4.5
72,Amahai,98,ID,1562709093,95,-3.31,129.0,79.0,7.96
73,Port Lincoln,0,AU,1562709035,73,-34.72,135.86,60.23,29.06
74,Los Llanos de Aridane,40,ES,1562709095,73,28.66,-17.92,71.6,11.41
75,Acapulco,20,MX,1562709098,74,16.86,-99.88,87.8,5.82
76,Reconquista,94,AR,1562709100,73,-29.14,-59.64,65.27,6.24
77,Guerrero Negro,0,MX,1562709101,83,27.97,-114.04,65.99,13.06
78,Kidal,7,ML,1562709102,30,18.44,1.41,93.35,11.12
79,Fortuna,40,US,1562709105,77,40.6,-124.16,72.0,9.17
80,Nynashamn,61,SE,1562709106,81,58.9,17.95,52.0,4.7
81,Dzaoudzi,0,YT,1562709108,78,-12.79,45.27,78.8,17.22
82,Hobart,75,AU,1562708839,75,-42.88,147.33,48.99,6.93
83,Aklavik,75,CA,1562709110,43,68.22,-135.01,69.8,6.93
84,Shieli,0,KZ,1562709112,17,44.18,66.74,85.43,11.5
85,Tilichiki,2,RU,1562708862,67,60.47,166.1,66.17,6.42
86,Montrose,90,GB,1562709115,93,56.71,-2.47,60.8,2.24
87,Esso,100,RU,1562709116,74,55.93,158.7,51.23,4.9
88,Cairns,75,AU,1562708819,83,-16.92,145.77,69.8,10.29
89,Georgetown,40,GY,1562709118,79,6.8,-58.16,84.2,13.87
90,Karratha,99,AU,1562709120,38,-20.74,116.85,66.89,6.02
91,San Felipe,0,CL,1562708853,99,-32.75,-70.73,55.0,3.83
92,Luderitz,0,NA,1562709123,52,-26.65,15.16,61.49,2.89
93,Mahebourg,20,MU,1562709124,94,-20.41,57.7,70.0,4.7
94,Hilo,90,US,1562709126,83,19.71,-155.08,82.99,3.36
95,Saint George,20,GR,1562709128,65,39.45,22.34,84.99,2.01
96,Saint-Augustin,90,CA,1562709129,33,45.63,-73.98,87.01,11.41
97,Samana,75,EC,1562709130,78,0.12,-76.97,78.8,2.24
98,Husavik,100,CA,1562709131,94,50.56,-96.99,68.0,3.0
99,Marzuq,89,YE,1562709133,30,14.4,46.47,83.45,7.02
100,Xochistlahuaca,92,MX,1562709134,67,16.79,-98.24,80.03,3.85
101,Katsuura,75,JP,1562709135,100,33.93,134.5,73.0,4.7
102,Sao Filipe,60,CV,1562709139,82,14.9,-24.5,73.55,18.88
103,Dikson,100,RU,1562709140,98,73.51,80.55,32.87,9.31
104,Esperance,90,AU,1562709142,87,-33.86,121.89,51.8,13.87
105,Khash,0,IR,1562709143,15,28.22,61.21,72.47,7.02
106,Vao,100,EE,1562709144,86,59.1,26.19,55.01,10.07
107,Cidreira,60,BR,1562709146,83,-30.17,-50.22,54.83,5.26
108,Tuktoyaktuk,40,CA,1562709147,42,69.44,-133.03,62.6,4.7
109,Tual,79,ID,1562709148,82,-5.67,132.75,78.23,22.82
110,Marandahalli,40,IN,1562709149,100,12.89,78.11,69.8,16.11
111,Ballina,100,IE,1562709150,86,54.11,-9.15,63.0,1.99
112,Sobolevo,63,RU,1562709152,95,54.43,31.9,50.15,7.2
113,Yuci,0,CN,1562709154,72,37.68,112.73,66.2,6.71
114,Port Alfred,0,ZA,1562709155,93,-33.59,26.89,57.0,1.99
115,Nouadhibou,0,MR,1562709157,77,20.93,-17.03,69.8,21.92
116,Gat,14,SN,1562709158,69,14.69,-16.54,80.6,8.05
117,Nishihara,90,JP,1562709159,82,35.74,139.53,69.01,4.7
118,Naron,20,ES,1562709160,88,43.52,-8.15,66.0,2.24
119,High Level,75,CA,1562709161,36,58.52,-117.13,64.4,6.93
120,Cherskiy,8,RU,1562709163,42,68.75,161.3,74.27,8.9
121,Fort Wellington,29,GY,1562709164,70,6.4,-57.6,82.73,6.13
122,Orchard Homes,1,US,1562709165,33,46.86,-114.05,78.01,3.36
123,Bayir,0,TR,1562709166,73,37.27,28.22,77.0,3.36
124,Farafangana,97,MG,1562709168,88,-22.82,47.83,64.73,4.47
125,Denpasar,40,ID,1562709016,94,-8.65,115.22,75.2,6.93
126,Avarua,20,CK,1562709170,69,-21.21,-159.78,78.8,8.05
127,Cockburn Town,40,TC,1562708957,70,21.46,-71.14,89.6,13.87
128,Boa Viagem,4,BR,1562709172,84,-5.13,-39.73,71.39,5.23
129,Shar,100,NG,1562709173,96,7.3,8.73,72.65,6.35
130,Marystown,2,CA,1562709175,81,47.17,-55.16,55.19,14.58
131,Vardo,40,US,1562709176,51,39.62,-77.74,87.01,4.7
132,Ankang,4,CN,1562709177,89,32.73,108.99,60.05,1.39
133,Butaritari,37,KI,1562709178,72,3.07,172.79,83.27,3.29
134,San Ramon,40,NI,1562709179,65,12.92,-85.84,78.8,4.7
135,Mitu,0,IR,1562709181,72,36.2,46.09,60.59,3.47
136,Kodiak,1,US,1562709182,17,39.95,-94.76,91.99,6.93
137,Kaitangata,100,NZ,1562709183,86,-46.28,169.85,39.99,4.0
138,Shahganj,100,IN,1562709184,93,26.06,82.68,78.41,18.99
139,Ixtapa,75,MX,1562708970,52,20.71,-105.21,87.8,18.34
140,Lagoa,0,PT,1562709102,77,37.14,-8.45,70.0,6.93
141,Peking,22,DE,1562709188,83,52.08,11.12,54.0,7.25
142,Portland,40,US,1562708680,31,43.66,-70.25,87.8,4.7
143,Jingdezhen,100,CN,1562709191,97,29.29,117.2,67.43,2.51
144,Ancud,75,CL,1562709192,100,-41.87,-73.83,51.8,8.05
145,Arriana,0,GR,1562709193,66,41.08,25.69,77.0,1.99
146,Atuona,33,PF,1562708930,74,-9.8,-139.03,80.57,10.4
147,Saquarema,0,BR,1562709196,64,-22.93,-42.51,71.6,9.17
148,Petropavlovsk-Kamchatskiy,20,RU,1562709197,87,53.05,158.65,55.4,4.47
149,Santa Ana,4,MX,1562709198,21,30.54,-111.12,102.0,1.99
150,Mujiayingzi,66,CN,1562709199,78,42.12,118.78,59.51,1.01
151,Kushiro,85,JP,1562709201,84,43.11,144.15,58.97,2.04
152,Victoria,75,BN,1562709202,94,5.28,115.24,75.2,1.12
153,Plettenberg Bay,0,ZA,1562709205,71,-34.05,23.37,55.73,2.21
154,Krasnoye,0,RU,1562709206,72,44.87,39.46,68.0,4.47
155,Bilibino,25,RU,1562709208,41,68.06,166.44,68.51,6.06
156,Cayenne,22,GF,1562709209,70,4.94,-52.33,86.0,6.93
157,San Patricio,0,PY,1562709210,84,-26.98,-56.83,63.83,4.41
158,Souillac,0,FR,1562709211,31,45.6,-0.6,73.99,9.17
159,Hasaki,40,JP,1562709212,88,35.73,140.83,64.4,9.17
160,Bandarbeyla,1,SO,1562709214,72,9.49,50.81,78.59,27.45
161,Ribeira Grande,100,PT,1562709216,87,38.52,-28.7,71.03,9.8
162,Sarahan,14,IN,1562709217,91,31.51,77.79,59.87,1.86
163,Alta Floresta,0,BR,1562709219,40,-9.87,-56.08,89.6,5.82
164,Ponta do Sol,0,BR,1562709221,56,-20.63,-46.0,58.97,5.3
165,Namibe,85,AO,1562709222,87,-15.19,12.15,67.25,4.9
166,Yumen,43,CN,1562709223,32,40.29,97.04,69.41,15.95
167,Yulara,0,AU,1562709224,52,-25.24,130.99,42.8,6.93
168,Kavaratti,99,IN,1562709225,75,10.57,72.64,84.71,18.37
169,Almaznyy,0,RU,1562709227,52,48.03,40.04,64.4,4.47
170,Pisco,90,PE,1562709228,30,-13.71,-76.2,71.6,8.05
171,Teguldet,99,RU,1562709229,97,57.31,88.17,55.37,4.63
172,Chokurdakh,94,RU,1562709231,46,70.62,147.9,69.77,7.63
173,Phayuha Khiri,100,TH,1562708963,64,15.46,100.14,80.21,8.48
174,Voh,0,NC,1562709238,68,-20.95,164.69,66.17,12.62
175,Paamiut,0,GL,1562709239,80,61.99,-49.67,46.37,11.3
176,Hithadhoo,7,MV,1562709240,72,-0.6,73.08,83.81,10.98
177,Beringovskiy,0,RU,1562709241,62,63.05,179.32,62.57,6.02
178,Bilimbay,0,RU,1562709243,82,56.96,59.82,57.2,6.71
179,Apolda,0,DE,1562709244,71,51.02,11.51,57.99,8.05
180,San Carlos de Bariloche,75,AR,1562709096,53,-41.13,-71.31,51.8,3.36
181,Cabo San Lucas,5,MX,1562709132,31,22.89,-109.91,97.0,5.82
182,Jumla,99,NP,1562709249,97,29.28,82.18,56.09,1.61
183,Kutum,0,SD,1562709251,41,14.2,24.66,81.11,2.37
184,Meulaboh,100,ID,1562709252,77,4.14,96.13,81.29,5.44
185,Sabang,32,PH,1562709253,97,13.8,121.11,73.19,2.35
186,Laharpur,100,IN,1562709256,78,27.71,80.9,82.01,5.01
187,Kentau,0,KZ,1562709258,18,43.52,68.5,80.21,11.68
188,Yoichi,20,JP,1562709259,82,43.19,140.77,64.99,9.17
189,Thinadhoo,4,MV,1562709261,78,0.53,72.93,83.63,13.06
190,Nanortalik,100,GL,1562709262,66,60.14,-45.24,46.55,4.74
191,Ipira,35,BR,1562709265,85,-27.41,-51.77,51.95,1.34
192,Ust-Nera,100,RU,1562709266,96,64.57,143.24,53.03,5.7
193,Nome,1,US,1562709267,63,30.04,-94.42,96.01,10.29
194,Bambanglipuro,8,ID,1562709268,85,-7.95,110.28,72.11,5.7
195,Uruacu,0,BR,1562708991,34,-14.52,-49.14,76.97,5.28
196,Port Macquarie,0,AU,1562709205,93,-31.43,152.91,46.0,5.82
197,Carbonia,0,IT,1562709272,78,39.17,8.53,82.4,8.05
198,Luanda,75,AO,1562709273,100,-8.83,13.24,71.6,5.82
199,Alofi,40,NU,1562709274,78,-19.06,-169.92,80.6,13.87
200,Rach Gia,20,VN,1562709275,100,10.02,105.08,77.0,2.24
201,Lunenburg,0,CA,1562709276,39,44.38,-64.32,79.0,10.0
202,Narsaq,100,GL,1562709278,24,60.91,-46.05,66.2,19.46
203,Talnakh,75,RU,1562709280,93,69.49,88.39,46.4,11.18
204,Paita,0,PE,1562709076,290,-5.09,-81.11,62.6,13.87
205,Kavieng,100,PG,1562709283,82,-2.57,150.8,78.59,3.85
206,Khatanga,100,RU,1562709285,88,71.98,102.47,49.25,5.79
207,Puerto Colombia,90,CO,1562709279,78,10.99,-74.96,82.4,9.17
208,Merauke,67,ID,1562709287,79,-8.49,140.4,77.15,18.14
209,Pasni,67,PK,1562709288,83,25.26,63.48,81.47,3.11
210,Grand Gaube,20,MU,1562709289,94,-20.01,57.66,70.0,4.7
211,Wanning,90,AT,1562709290,62,48.64,13.53,60.01,5.82
212,Altamira,20,BR,1562709292,94,-3.2,-52.21,77.0,2.24
213,Genhe,8,CN,1562709293,92,50.78,121.52,56.99,0.74
214,Lufilufi,62,WS,1562709294,94,-13.87,-171.6,78.01,3.0
215,Merin,87,NG,1562709295,97,7.55,3.99,72.65,3.85
216,Riachao das Neves,99,BR,1562708998,43,-11.75,-44.91,76.07,5.57
217,Takoradi,100,GH,1562709298,94,4.89,-1.75,72.47,3.49
218,Turayf,0,SA,1562709299,39,31.68,38.65,80.6,11.41
219,Iquitos,75,PE,1562709300,319,-3.75,-73.25,42.8,3.36
220,Ler,0,NO,1562709301,93,63.2,10.3,55.0,11.41
221,Semporna,75,MY,1562709302,94,4.48,118.61,75.2,4.7
222,Kondopoga,0,RU,1562709303,93,62.21,34.27,51.8,13.42
223,Tonantins,100,BR,1562709305,84,-2.86,-67.77,79.85,3.13
224,Bambous Virieux,20,MU,1562709306,94,-20.34,57.76,70.0,4.7
225,Sosnovo-Ozerskoye,0,RU,1562709307,74,52.53,111.54,53.93,1.28
226,La Ronge,75,CA,1562709308,63,55.1,-105.3,62.6,12.75
227,Bulembu,0,SZ,1562709311,58,-25.95,31.13,59.0,5.82
228,Bilecik,0,TR,1562709312,83,40.14,29.98,70.0,3.36
229,Eyl,68,SO,1562709313,67,7.98,49.82,78.59,28.23
230,Khorixas,79,NA,1562709314,12,-20.37,14.96,63.11,6.69
231,Ambilobe,22,MG,1562709316,82,-13.19,49.05,71.93,4.81
232,Cesena,100,IT,1562709317,78,44.14,12.24,73.99,3.36
233,Ust-Kut,68,RU,1562709318,78,56.78,105.75,58.43,1.88
234,Benguela,93,AO,1562709319,77,-12.58,13.4,70.49,5.35
235,Haines Junction,96,CA,1562709321,31,60.75,-137.51,67.97,4.63
236,Luwuk,100,ID,1562709298,97,-0.95,122.79,62.93,4.5
237,Road Town,40,VG,1562709293,70,18.42,-64.62,87.8,9.17
238,Bajil,42,ES,1562709325,56,38.23,-2.07,62.01,0.89
239,Dumai,100,ID,1562709100,93,1.68,101.45,74.99,3.33
240,Chapleau,75,CA,1562709327,37,47.85,-83.4,82.4,5.82
241,Ilulissat,20,GL,1562709328,46,69.22,-51.1,53.6,3.36
242,Pella,20,GR,1562709320,69,40.76,22.53,82.99,2.24
243,Anadyr,0,RU,1562709331,49,64.73,177.51,71.6,11.18
244,Oranjestad,20,AW,1562709332,74,12.52,-70.03,84.2,21.92
245,Tura,84,RU,1562709333,79,64.27,100.22,55.73,5.3
246,Brandon,1,US,1562709334,61,43.59,-96.57,84.99,13.87
247,Mar del Plata,0,AR,1562709269,70,-46.43,-67.52,45.83,3.89
248,Nuuk,75,GL,1562709337,87,64.17,-51.74,46.4,13.87
249,Monrovia,75,LR,1562709338,88,6.33,-10.8,78.8,11.25
250,Binga,0,ZW,1562709339,33,-17.62,27.34,58.97,4.83
251,Niny,69,RU,1562709341,56,44.49,43.95,68.33,11.74
252,Thompson,75,CA,1562709343,38,55.74,-97.86,73.4,9.17
253,Lobito,32,AO,1562709229,86,-12.35,13.55,67.07,4.47
254,Lompoc,1,US,1562709339,72,34.64,-120.46,75.99,13.87
255,San Carlos,100,NI,1562709346,61,11.12,-84.78,75.0,15.99
256,Tieli,73,CN,1562709347,92,46.98,128.05,69.05,4.72
257,Saskylakh,0,RU,1562709348,72,71.97,114.09,62.57,11.43
258,Boca do Acre,6,BR,1562709350,44,-8.76,-67.39,89.57,1.14
259,Warmbad,23,DE,1562709351,71,50.67,13.08,57.0,1.12
260,Makakilo City,40,US,1562709352,66,21.35,-158.09,89.6,10.29
261,Birjand,0,IR,1562709353,18,32.86,59.22,80.6,6.93
262,Manokwari,90,ID,1562709354,81,-0.87,134.08,73.01,4.85
263,Piranhas,60,BR,1562709356,94,-9.61,-37.76,70.13,7.87
264,Bure,90,NG,1562709358,93,10.52,10.33,70.49,3.58
265,El Jicaro,100,GT,1562709359,79,14.91,-89.89,75.71,2.82
266,Roverud,0,NO,1562709360,54,60.25,12.05,59.0,3.36
267,Christchurch,100,NZ,1562709104,93,-43.53,172.64,51.01,4.7
268,Batetskiy,35,RU,1562709363,93,58.65,30.3,51.77,8.32
269,Butterworth,75,MY,1562709364,88,5.4,100.37,82.4,3.36
270,Dalvik,0,SE,1562709365,87,57.79,14.13,55.99,5.82
271,Kaitong,100,CN,1562709366,84,44.81,123.15,72.29,3.8
272,Ivanovka,57,RU,1562709367,71,55.56,88.79,57.89,4.9
273,Smidovich,87,RU,1562709369,94,48.6,133.81,65.81,8.48
274,Shimoda,45,JP,1562709370,67,34.7,138.93,73.0,4.0
275,Beloha,0,MG,1562709371,77,-25.17,45.06,61.13,4.72
276,Walvis Bay,0,NA,1562709087,16,-22.95,14.51,73.4,6.93
277,Marovoay,0,MG,1562709375,83,-16.11,46.64,77.0,4.7
278,Saint Anthony,40,US,1562709197,28,43.97,-111.68,75.99,4.7
279,Ayolas,20,PY,1562709377,82,-27.39,-56.84,64.19,4.09
280,Metro,6,ID,1562709196,94,-5.11,105.31,72.83,2.84
281,Maniitsoq,100,GL,1562709131,80,65.42,-52.9,45.83,2.75
282,Nampula,0,MZ,1562709380,90,-15.12,39.26,59.15,5.88
283,Sao Joao da Barra,0,BR,1562709383,63,-21.64,-41.05,66.2,4.7
284,Barhi,75,IN,1562709384,94,24.31,85.42,78.8,2.24
285,Pitelino,100,RU,1562709385,93,54.58,41.81,54.29,8.03
286,Tsabong,0,BW,1562709387,31,-26.02,22.4,55.91,6.58
287,Snezhnogorsk,75,RU,1562709389,93,69.19,33.23,42.8,6.71
288,Iqaluit,40,CA,1562709390,38,63.75,-68.52,73.4,13.87
289,Weslaco,40,US,1562709167,44,26.16,-97.99,102.0,17.22
290,Robertson,0,AU,1562709392,81,-34.59,150.59,51.01,10.29
291,Mitsamiouli,1,KM,1562709393,78,-11.38,43.28,77.87,22.95
292,Contai,100,IN,1562709395,70,21.78,87.75,85.97,10.47
293,Tagusao,100,PH,1562709396,72,9.19,117.81,81.83,3.65
294,Ola,1,RU,1562709397,80,59.58,151.3,49.97,2.06
295,Provideniya,0,RU,1562709398,40,64.42,-173.23,73.4,8.95
296,Tongling,70,CN,1562709399,96,30.93,117.81,66.89,3.6
297,Agadez,1,NE,1562709401,36,16.97,7.99,91.4,3.36
298,Lorengau,99,PG,1562709287,85,-2.02,147.27,77.33,5.59
299,Gushikawa,75,JP,1562709403,88,26.35,127.87,82.4,16.11
300,Najran,40,SA,1562709404,12,17.54,44.22,96.8,8.05
301,Dire Dawa,87,ET,1562709405,55,9.59,41.86,72.29,13.13
302,Batangafo,100,CF,1562709406,90,7.3,18.29,73.19,2.51
303,Pocone,0,BR,1562709408,28,-16.26,-56.62,82.91,1.21
304,Khani,75,GE,1562709409,88,41.96,42.96,69.8,3.36
305,West Bay,90,CA,1562709410,64,49.34,-123.21,79.0,6.93
306,Harper,1,US,1562709411,66,30.3,-99.24,91.99,6.93
307,Inca,0,BO,1562709413,42,-14.81,-68.43,76.79,4.09
308,Xuddur,100,SO,1562709414,67,4.12,43.89,76.43,18.41
309,Zhangjiakou,100,CN,1562709415,76,40.77,114.88,58.61,3.74
310,Poum,33,MK,1562709416,82,41.28,20.71,59.87,1.97
311,Palana,99,RU,1562709418,87,59.08,159.95,51.23,4.7
312,Jackville,20,CI,1562709421,88,5.21,-4.42,75.2,10.29
313,Pouebo,0,NC,1562709422,67,-20.4,164.57,59.69,3.38
314,Saint-Francois,0,FR,1562709423,51,46.42,3.91,62.6,4.7
315,Champerico,75,MX,1562709424,55,16.38,-93.6,87.8,3.36
316,Kharan,0,PK,1562709426,34,28.58,65.42,83.99,8.86
317,Kamenka,36,MD,1562709427,84,48.03,28.7,51.01,5.91
318,Amazar,0,RU,1562709428,93,53.86,120.88,54.83,3.33
319,Huntsville,1,US,1562709429,46,34.73,-86.59,97.0,8.05
320,Safford,1,US,1562709431,13,32.83,-109.71,102.2,9.17
321,Kamina,53,CD,1562709433,31,-8.74,25.0,66.89,6.04
322,Zaykovo,100,RU,1562709434,76,57.56,62.76,58.25,7.27
323,Lebu,40,ET,1562709244,82,8.96,38.73,60.8,6.93
324,Kununurra,0,AU,1562709437,67,-15.77,128.74,59.0,5.82
325,Capao Bonito,0,BR,1562709438,81,-24.01,-48.35,54.65,2.77
326,Constitucion,75,MX,1562709440,64,23.99,-104.67,82.0,5.82
327,Kailua,40,US,1562709327,83,21.39,-157.74,89.6,11.41
328,Grandview,40,US,1562709438,55,38.89,-94.53,93.99,8.23
329,Kalianget,20,ID,1562709443,83,-7.35,109.91,71.6,1.12
330,Taltal,87,CL,1562709445,80,-25.41,-70.49,56.09,4.72
331,Pacifica,75,US,1562709335,87,37.61,-122.49,72.0,4.7
332,Mackay,90,CA,1562709448,100,53.65,-115.58,51.8,5.82
333,Chulumani,0,BO,1562709449,46,-16.41,-67.53,48.53,6.76
334,Hambantota,75,LK,1562709450,100,6.12,81.12,75.2,3.36
335,Kedrovyy,0,RU,1562709452,93,56.17,91.82,53.6,4.85
336,Togur,65,RU,1562709454,95,58.36,82.83,51.95,4.94
337,Longonjo,41,AO,1562709455,19,-12.91,15.25,55.55,5.14
338,Flinders,0,AU,1562709456,81,-34.58,150.85,51.01,10.29
339,Ankazoabo,72,MG,1562709457,73,-22.29,44.51,56.99,10.09
340,Karwar,100,IN,1562709460,84,14.8,74.13,80.57,16.26
341,Kunya,20,NG,1562709462,88,12.22,8.53,78.8,2.24
342,Basavana Bagevadi,97,IN,1562709463,81,16.57,75.97,74.09,15.5
343,Matagami,100,NG,1562709464,94,9.67,8.4,68.87,2.84
344,Hearst,100,CA,1562709466,34,49.69,-83.67,88.49,6.87
345,Mityana,0,UG,1562709467,95,0.4,32.05,62.75,1.34
346,Nouakchott,0,MR,1562709468,78,18.08,-15.98,75.2,17.22
347,Byron Bay,90,AU,1562709469,93,-28.65,153.62,57.0,4.7
348,Diffa,99,NE,1562709470,60,13.32,12.61,82.91,15.05
349,Pekan,75,MY,1562709472,94,3.49,103.39,77.0,1.12
350,Zaysan,100,KZ,1562709473,65,47.47,84.87,66.17,2.82
351,Zima,12,RU,1562709474,85,53.93,102.05,58.25,2.44
352,Rio Gallegos,75,AR,1562709475,100,-51.62,-69.22,39.2,4.7
353,Kassala,100,SD,1562709476,44,15.45,36.38,90.11,10.25
354,Bom Jardim,0,BR,1562709478,83,-7.8,-35.59,73.4,6.93
355,Tocopilla,81,CL,1562709479,84,-22.09,-70.2,58.97,15.57
356,Balgazyn,3,RU,1562709480,40,51.0,95.2,56.27,2.33
357,Otradnoye,90,RU,1562709481,87,59.77,30.8,57.0,6.71
358,Komsomolskiy,98,RU,1562709482,79,67.55,63.78,45.47,7.14
359,Yerbogachen,6,RU,1562709484,75,61.28,108.01,59.87,1.72
360,Shitkino,0,RU,1562709485,60,56.37,98.35,58.43,4.72
361,Broken Hill,0,AU,1562709486,86,-31.97,141.45,37.4,8.05
362,Pangai,90,TO,1562709487,100,-19.8,-174.35,75.2,10.29
363,Hoyanger,20,NO,1562709488,76,61.22,6.07,62.6,4.7
364,Powell,1,US,1562709490,45,40.16,-83.08,90.0,4.7
365,Hami,100,CN,1562709491,22,42.84,93.51,82.91,4.45
366,Tessalit,49,ML,1562709492,33,20.2,1.01,90.11,11.18
367,Kigoma,23,TZ,1562709493,66,-4.88,29.64,77.33,7.14
368,Zyryanka,88,RU,1562709494,43,65.73,150.89,71.57,15.32
369,Olot,0,ES,1562709496,94,42.18,2.49,78.01,4.36
370,Vestmannaeyjar,100,IS,1562709497,71,63.44,-20.27,54.11,20.22
371,Nargana,100,PA,1562709498,72,9.44,-78.59,82.73,5.19
372,Mattawa,75,CA,1562709499,44,46.32,-78.7,81.0,9.17
373,Gamba,100,CN,1562709500,72,28.28,88.52,42.77,4.38
374,Kemlya,20,RU,1562709502,93,54.69,45.24,54.47,9.26
375,Ozinki,100,RU,1562709503,87,51.2,49.73,67.97,7.54
376,Comodoro Rivadavia,0,AR,1562709505,81,-45.87,-67.48,50.0,6.13
377,Marawi,94,PH,1562709506,90,8.0,124.29,73.0,4.0
378,Tecoanapa,20,MX,1562709508,74,16.99,-99.26,87.8,5.82
379,Itarema,2,BR,1562709509,75,-2.92,-39.92,77.15,7.92
380,Isangel,20,VU,1562709510,88,-19.55,169.27,68.0,4.7
381,Ushtobe,91,KZ,1562709512,51,45.25,77.98,75.35,13.87
382,Yar-Sale,99,RU,1562709514,69,66.83,70.83,46.73,7.29
383,Mandla,100,IN,1562709515,91,22.6,80.37,76.61,6.33
384,Formosa do Rio Preto,21,BR,1562709516,47,-11.04,-45.19,74.99,4.59
385,Airai,1,TL,1562709490,78,-8.93,125.41,66.71,4.74
386,Henties Bay,62,NA,1562709518,55,-22.12,14.28,62.01,1.99
387,Sovetskiy,27,RU,1562709520,97,56.76,48.47,56.27,10.07
388,Changping,40,CN,1562709521,94,40.22,116.23,77.0,4.47
389,Samarai,70,PG,1562709522,88,-10.62,150.67,71.03,5.57
390,Kijang,75,KR,1562709523,73,35.24,129.21,71.6,10.29
391,Riverton,1,US,1562709526,18,43.02,-108.38,78.8,19.46
392,Praya,75,ID,1562709527,94,-8.71,116.27,71.6,1.12
393,Mithi,70,PK,1562709528,73,24.74,69.8,83.09,24.67
394,Rio Grande,100,BR,1562709529,100,-32.03,-52.1,44.6,1.12
395,Lac du Bonnet,100,CA,1562709530,89,50.25,-96.06,68.0,1.01
396,Krasnyy Yar,33,RU,1562709532,83,50.7,44.73,56.45,8.66
397,Boa Vista,40,BR,1562709312,55,2.82,-60.67,87.8,2.24
398,Norman Wells,75,CA,1562709467,42,65.28,-126.83,68.0,8.05
399,Klaksvik,100,FO,1562709343,87,62.23,-6.59,48.2,16.11
400,Halmstad,46,SE,1562709363,87,56.67,12.86,62.01,5.82
401,Labe,100,NG,1562709537,95,7.7,8.47,72.11,5.93
402,Auki,100,NG,1562709487,80,12.18,6.51,75.89,3.94
403,Maceio,75,BR,1562709540,88,-9.67,-35.74,73.4,3.36
404,Tvoroyri,93,FO,1562709541,87,61.56,-6.81,48.2,16.11
405,San Quintin,69,PH,1562709542,90,17.54,120.52,72.65,3.71
406,Bubaque,85,GW,1562709543,84,11.28,-15.83,80.21,20.69
407,Beisfjord,0,NO,1562709544,58,68.38,17.6,60.01,18.34
408,Presidencia Roque Saenz Pena,0,AR,1562709546,66,-26.79,-60.44,69.77,6.78
409,Puerto Baquerizo Moreno,40,EC,1562709547,65,-0.9,-89.6,77.0,13.87
410,Vostok,100,RU,1562709548,83,46.45,135.83,63.47,1.14
411,Tucuman,0,PE,1562709549,16,-17.17,-70.89,67.25,6.93
412,Ratlam,100,IN,1562709550,88,23.33,75.04,77.33,18.88
413,Surt,0,LY,1562709552,70,31.21,16.59,81.83,8.61
414,Quatre Cocos,20,MU,1562709553,94,-20.21,57.76,70.0,4.7
415,Margate,75,AU,1562709554,75,-43.03,147.26,48.99,5.82
416,Opuwo,87,NA,1562709556,16,-18.06,13.84,55.01,5.99
417,Valentin Gomez Farias,75,MX,1562709558,64,24.05,-104.7,82.0,5.82
418,Ginda,57,IN,1562709560,96,30.69,78.49,61.49,1.39
419,Kieta,100,PG,1562709561,82,-6.22,155.63,78.23,1.14
420,Santa Isabel do Rio Negro,16,BR,1562709562,83,-0.41,-65.02,81.11,3.18
421,Kargasok,12,RU,1562709563,98,59.06,80.87,52.67,7.85
422,Necochea,0,AR,1562709565,86,-38.55,-58.74,53.01,4.56
423,Bagh,0,PK,1562709566,81,33.98,73.78,68.87,2.57
424,Celestun,83,MX,1562709567,74,20.87,-90.4,82.73,11.61
425,Akdagmadeni,0,TR,1562709568,91,39.66,35.88,58.97,4.74
426,Sioux Lookout,90,CA,1562709358,73,50.1,-91.92,73.4,4.7
427,Kalaleh,75,IR,1562709571,69,37.38,55.49,78.8,4.7
428,Ipanema,61,BR,1562709572,71,-30.14,-51.22,59.0,2.24
429,Saint-Joseph,0,FR,1562709573,78,43.56,6.97,78.8,2.24
430,Mishan,70,CN,1562709574,88,45.55,131.88,63.65,2.35
431,Tazovskiy,50,RU,1562709575,80,67.47,78.7,41.87,6.35
432,Kloulklubed,75,PW,1562709577,88,7.04,134.26,78.8,3.36
433,Chadiza,0,ZM,1562709578,41,-14.06,32.43,60.05,13.04
434,Betare Oya,100,CM,1562709579,94,5.6,14.08,68.15,1.79
435,Autazes,87,BR,1562709580,93,-3.58,-59.13,79.49,1.7
436,Talcahuano,75,CL,1562709581,93,-36.72,-73.12,55.4,9.17
437,Namatanai,84,PG,1562709583,79,-3.66,152.44,76.79,2.19
438,Pevek,34,RU,1562709490,71,69.7,170.27,46.37,7.99
439,Viedma,0,AR,1562709585,63,-40.81,-62.99,51.95,5.93
440,Mizdah,0,LY,1562709586,15,31.45,12.98,88.31,8.41
441,Jardim,0,BR,1562709587,57,-21.48,-56.15,69.41,3.15
442,Tarasovskiy,0,RU,1562709589,71,48.73,40.36,58.61,6.02
443,Noyabrsk,98,RU,1562709590,66,63.2,75.45,49.97,6.49
444,Adrar,0,DZ,1562709591,6,27.87,-0.29,102.2,6.73
445,Rafaela,100,AR,1562709592,48,-31.25,-61.49,64.0,3.0
446,Wasilla,1,US,1562709594,57,61.58,-149.44,80.01,3.36
447,Puerto Escondido,40,MX,1562709595,70,15.86,-97.07,87.8,11.41
448,Noshiro,20,JP,1562709596,72,40.21,140.05,64.4,8.05
449,Shaoxing,75,CN,1562709597,100,30.0,120.58,75.0,6.71
450,Port Blair,89,IN,1562709598,80,11.67,92.75,83.09,18.19
451,Riyadh,0,SA,1562709600,11,24.63,46.72,91.4,9.17
452,Surgut,0,RU,1562709601,100,61.25,73.4,48.2,4.47
453,Taoudenni,13,ML,1562709602,11,22.68,-3.98,103.79,8.88
454,Aginskoye,5,RU,1562709603,78,51.11,114.54,63.0,10.0
455,Havoysund,0,NO,1562709606,87,71.0,24.66,46.4,10.29
456,Faya,5,SA,1562709607,46,18.39,42.45,73.4,5.82
457,Northam,90,AU,1562709608,93,-31.65,116.67,55.4,3.36
458,Pastos Bons,2,BR,1562709609,56,-6.6,-44.09,77.87,4.99
459,Barra do Garcas,0,BR,1562709431,48,-15.89,-52.26,84.2,2.24
460,Bathsheba,20,BB,1562709408,70,13.22,-59.52,86.0,20.8
461,Cabinda,0,AO,1562709614,82,-5.56,12.19,74.81,8.79
462,Kulu,100,CD,1562709615,98,3.47,23.69,70.31,0.85
463,Richards Bay,0,ZA,1562709616,76,-28.77,32.06,65.45,8.05
464,Lamont,90,CA,1562709617,77,53.76,-112.78,62.01,5.82
465,Trincomalee,100,LK,1562709619,73,8.58,81.23,79.85,7.85
466,Nemuro,51,JP,1562709620,92,43.32,145.57,50.87,11.63
467,Davila,75,PH,1562709621,88,18.47,120.58,77.0,5.82
468,Suzun,100,RU,1562709622,94,53.78,82.32,58.61,8.41
469,Xichang,100,CN,1562709623,96,27.88,102.25,51.77,1.12
470,Maragogi,42,BR,1562709625,94,-9.01,-35.22,71.57,3.74
471,Machilipatnam,100,IN,1562709626,64,16.18,81.14,86.51,6.08
472,Kisarazu,75,JP,1562709627,82,35.36,139.97,69.01,4.7
473,Balabac,87,PH,1562709628,73,7.99,117.06,80.57,3.22
474,Rockhampton,90,AU,1562709572,93,-23.38,150.51,60.8,1.54
475,Zhuhai,20,CN,1562709632,82,40.71,112.04,60.8,2.24
476,Mount Gambier,0,AU,1562709344,81,-37.83,140.78,48.2,17.22
477,Pula,40,EC,1562709634,58,-1.95,-79.93,86.0,4.7
478,Ranot,100,TH,1562709635,81,7.78,100.32,75.71,7.49
479,Nebolchi,7,RU,1562709636,96,59.12,33.35,52.85,6.46
480,Tibati,100,CM,1562709638,96,6.47,12.63,66.89,4.0
481,Laguna,40,BZ,1562709640,74,16.17,-88.94,87.8,11.41
482,College,40,US,1562709641,34,64.86,-147.8,82.99,12.75
483,La Libertad,0,PE,1562709642,13,-16.38,-71.56,64.4,11.41
484,Carballo,20,ES,1562709644,88,43.21,-8.69,64.99,2.24
485,Kawalu,28,ID,1562709645,93,-7.38,108.21,63.29,3.83
486,Tatvan,0,TR,1562709646,60,38.5,42.28,57.71,3.94
487,Manbij,0,SY,1562709647,32,36.53,37.96,82.4,11.41
488,Matara,88,BI,1562709650,90,-3.48,29.48,52.49,0.83
489,Chara,20,GR,1562709527,65,39.42,22.43,84.99,2.01
490,Pahalgam,15,IN,1562709652,86,34.03,75.33,63.65,0.76
491,Pskov,100,RU,1562709653,87,57.82,28.33,55.4,6.71
492,Jalalabad,1,AF,1562709654,52,34.43,70.46,91.4,5.82
493,Ojinaga,1,US,1562709656,26,29.56,-104.41,93.2,11.41
494,Tavira,0,PT,1562709657,82,37.13,-7.65,70.0,9.17
495,Neuquen,0,AR,1562709498,58,-38.95,-68.06,59.0,3.36
496,Houma,100,CN,1562709659,58,35.63,111.36,70.49,0.45
497,Pacific Grove,1,US,1562709660,30,36.62,-121.92,84.0,10.29
498,Ahipara,0,NZ,1562709662,72,-35.17,173.16,58.07,12.66
499,Caluquembe,84,AO,1562709663,19,-13.78,14.68,54.83,3.27
500,Lalin,0,CN,1562709664,78,45.23,126.86,73.4,6.71
501,Sharan,0,AF,1562709665,38,33.15,68.78,71.39,6.15
502,Broome,75,GB,1562709667,82,52.47,1.45,64.0,9.17
503,Boulsa,100,BF,1562709668,69,12.66,-0.57,79.13,4.97
504,Kendari,7,ID,1562709669,95,-3.99,122.52,68.51,2.26
505,Longyearbyen,0,NO,1562709670,81,78.22,15.63,46.4,10.29
506,Bara,100,NG,1562709672,87,10.41,10.6,73.01,3.56
507,Annau,40,TM,1562709674,37,37.89,58.52,86.0,6.93
508,Duku,99,ID,1562709675,78,-1.19,100.47,82.55,10.13
509,Vila Franca do Campo,20,PT,1562709676,94,37.72,-25.43,68.0,4.7
510,Bati,100,ET,1562709677,65,11.19,40.02,72.65,7.45
511,Qasigiannguit,20,GL,1562709679,46,68.82,-51.19,53.6,3.36
512,Ilheus,40,BR,1562709680,73,-14.79,-39.05,73.4,9.17
513,Mao,75,DO,1562709681,51,19.55,-71.08,86.0,18.34
514,Sumbe,0,AO,1562709682,81,-11.2,13.84,71.75,9.55
515,Qaqortoq,100,GL,1562709511,24,60.72,-46.03,66.2,19.46
516,Maungaturoto,0,NZ,1562709685,86,-36.11,174.36,53.01,3.98
517,Emba,0,CY,1562709686,88,34.81,32.42,80.6,3.36
518,Nuevo Progreso,40,US,1562709689,44,26.05,-97.95,102.0,17.22
519,Vitim,35,RU,1562709690,84,59.44,112.57,60.23,1.14
520,Pauini,78,BR,1562709692,57,-7.71,-67.0,83.81,1.05
521,Kyshtym,88,RU,1562709694,73,55.71,60.55,60.01,4.0
522,Atar,0,MR,1562709695,10,20.52,-13.05,100.73,18.34
523,Ishigaki,75,JP,1562709696,89,24.34,124.16,84.2,18.34
524,Erzin,40,TR,1562709697,83,36.95,36.2,79.0,6.93
525,Coihaique,90,CL,1562709699,93,-45.58,-72.07,48.2,1.92
526,Soe,90,EE,1562709701,93,57.91,26.05,55.4,9.17
527,Concordia,100,AR,1562709702,75,-31.4,-58.02,60.01,6.67
528,Boundiali,95,CI,1562709703,94,9.53,-6.48,72.29,3.42
529,Veliki Preslav,100,BG,1562709705,86,43.16,26.81,64.01,1.1
530,Jalingo,98,NG,1562709706,93,10.21,12.82,69.41,2.66
531,Dolinsk,75,RU,1562709707,81,47.32,142.8,51.8,2.24
532,Norrtalje,0,SE,1562709708,93,59.76,18.7,51.01,6.93
533,Marapanim,81,BR,1562709709,75,-0.71,-47.7,82.37,17.0
534,Gazanjyk,100,TM,1562709711,21,39.24,55.52,95.87,17.67
535,Carlet,0,ES,1562709713,78,39.23,-0.52,80.01,8.05
536,Half Moon Bay,40,US,1562709524,68,37.46,-122.43,77.0,17.22
537,Tinos,0,GR,1562709715,51,37.54,25.16,82.0,2.24
538,Codo,0,ES,1562709716,52,41.33,-0.7,71.6,16.11
539,Palora,40,EC,1562709718,61,-1.7,-77.97,78.8,6.93
540,Korce,0,CZ,1562709719,58,50.54,14.6,57.99,6.93
541,Thai Nguyen,20,VN,1562709488,74,21.59,105.84,78.8,2.24
542,Vysokogornyy,100,RU,1562709507,86,50.1,139.13,53.93,3.42
543,Rafraf,0,TN,1562709722,61,37.19,10.18,82.4,6.93
544,Dingle,54,PH,1562709725,86,11.0,122.67,73.91,2.28
545,Kotri,76,PK,1562709638,75,25.36,68.31,82.37,26.11
546,Ponta Grossa,3,BR,1562709475,79,-25.09,-50.16,55.19,2.98
547,Khanpur,0,PK,1562709728,54,28.65,70.66,89.39,20.29
548,Swan River,100,CA,1562709729,53,52.11,-101.27,71.57,9.4
549,Neiafu,75,TO,1562709730,88,-18.65,-173.98,78.8,9.17
550,Cabedelo,40,BR,1562709732,74,-6.97,-34.84,78.8,6.93
551,Ponta Delgada,20,PT,1562709674,94,37.73,-25.67,68.0,4.7
552,Arroyo,20,BO,1562709734,45,-11.08,-66.08,87.8,4.7
553,Mwinilunga,0,ZM,1562709735,32,-11.73,24.43,55.55,5.14
554,Shingu,95,JP,1562709736,97,33.72,135.99,64.55,3.53
555,Phek,100,IN,1562709738,98,25.7,94.46,73.55,2.8
556,Sabha,0,LY,1562709739,8,27.03,14.43,89.75,6.33
557,Douglas,90,US,1562709740,72,58.28,-134.39,66.2,8.05
558,Yaan,100,NG,1562709741,96,7.38,8.57,72.65,6.35
559,San Isidro,75,CR,1562709743,61,10.02,-84.06,77.0,13.87
560,Zhangye,0,CN,1562709744,53,38.94,100.46,60.95,3.53
561,Aksay,66,KZ,1562709745,41,51.17,53.01,75.71,5.75
562,Moussoro,0,TD,1562709746,53,13.64,16.49,83.63,6.02
563,Soligalich,100,RU,1562709747,98,59.08,42.29,53.03,10.54
564,Puerto Ayacucho,75,CO,1562709749,74,5.66,-67.63,82.4,5.82
565,Chimoio,0,MZ,1562709750,61,-19.11,33.48,57.71,0.89
566,Veracruz,75,EC,1562709751,50,-3.97,-79.57,75.2,16.11
567,Naze,100,NG,1562709752,90,5.43,7.07,73.73,3.18
568,Point Pedro,99,LK,1562709753,84,9.82,80.23,83.27,22.19
569,Cody,1,US,1562709755,42,44.53,-109.06,71.01,9.17
570,Rubizhne,12,UA,1562709756,69,49.02,38.37,57.35,5.03
571,Charters Towers,100,AU,1562709757,89,-20.07,146.27,62.93,5.14
572,Seguela,38,CI,1562709615,94,7.96,-6.67,72.47,4.16
573,Baksan,90,RU,1562709759,68,43.68,43.54,69.8,4.47
574,Gimli,100,CA,1562709760,94,50.63,-96.99,68.0,5.68
575,Orbetello,0,IT,1562709762,73,42.44,11.21,77.0,4.7
576,Bose,75,IT,1562709763,82,45.46,8.01,73.99,13.87
577,Yanam,100,IN,1562709764,93,16.73,82.22,77.51,11.14
578,Sisimiut,53,GL,1562709765,94,66.94,-53.67,39.71,9.42
579,Valle Hermoso,40,MX,1562709767,44,25.67,-97.82,96.8,17.22
580,Zhengjiatun,100,CN,1562709768,76,43.51,123.51,71.21,3.62
581,Karlovo,75,BG,1562709769,69,42.64,24.8,75.2,9.17
582,Whitianga,51,NZ,1562709770,99,-36.83,175.7,51.01,3.78
583,Port Augusta,0,AU,1562709771,75,-32.49,137.76,45.0,10.29
584,Goderich,83,CA,1562709773,89,43.74,-81.71,82.99,5.01
585,Nicoya,75,CR,1562709774,74,10.15,-85.45,86.0,4.7
586,Belmopan,75,BZ,1562709534,74,17.25,-88.77,88.0,6.93
587,Phan Thiet,100,VN,1562709528,92,10.93,108.1,74.09,5.68
588,Puerto Carreno,75,CO,1562709777,74,6.19,-67.49,82.4,5.82
589,Mount Isa,90,AU,1562709529,45,-20.73,139.49,64.4,5.82
590,Troitsk,0,RU,1562709780,77,54.08,61.55,56.81,8.81
591,Anahuac,0,MX,1562709781,36,26.44,-109.02,105.01,10.0
592,Gravdal,100,NO,1562709782,87,59.79,5.78,55.0,5.82
593,Chapais,1,CA,1562709514,29,49.78,-74.86,77.0,10.29
594,Arman,44,RU,1562709785,66,59.7,150.17,59.69,3.24
595,Pirai do Sul,0,BR,1562709787,84,-24.53,-49.95,59.0,1.01
596,Kedougou,75,SN,1562709788,74,12.56,-12.19,86.0,4.92
597,Iracoubo,70,GF,1562709789,76,5.48,-53.21,80.75,6.24
598,Leo,98,BF,1562709790,83,11.1,-2.1,76.61,6.49
599,Baturaja,46,ID,1562709791,98,-4.12,104.17,71.93,2.44
600,Dauriya,7,RU,1562709793,67,49.93,116.85,64.01,2.44
601,Winfield,1,US,1562709794,48,41.86,-88.16,91.0,10.29
602,Batagay,0,RU,1562709795,70,67.65,134.64,65.81,3.09
603,Marl,31,DE,1562709796,66,51.65,7.08,61.0,1.12
604,Melito di Porto Salvo,0,IT,1562709798,83,37.92,15.77,88.0,2.24
605,Saint-Louis,0,SN,1562709799,85,16.03,-16.5,74.27,14.7
606,Diapaga,100,BF,1562709800,76,12.07,1.79,75.71,3.65
607,Cherlak,0,RU,1562709801,95,54.15,74.8,54.65,9.33
608,Cap Malheureux,20,MU,1562709802,94,-19.98,57.61,70.0,4.7
609,Dubbo,75,AU,1562709804,92,-32.25,148.6,32.0,3.36
610,Mehamn,75,NO,1562709805,87,71.03,27.85,44.6,8.05
611,Touros,20,BR,1562709806,83,-5.2,-35.46,77.0,6.93
612,Nelson Bay,0,AU,1562709807,87,-32.72,152.14,46.99,17.22
613,Leningradskiy,74,RU,1562709808,69,69.38,178.42,52.13,7.85
614,San Fernando,20,TT,1562709810,74,10.28,-61.46,84.99,5.82
615,Salalah,75,OM,1562709811,88,17.01,54.1,82.4,5.82
616,Nioro,50,GM,1562709812,58,13.79,-15.05,85.61,16.87
617,Koltubanovskiy,100,RU,1562709813,97,52.94,52.03,63.65,1.19
618,Hay River,75,CA,1562709816,62,60.82,-115.79,55.4,11.41
619,Matipo,80,BR,1562709817,84,-20.28,-42.34,54.65,0.81
620,Duyun,100,CN,1562709818,96,26.27,107.52,61.31,0.49
621,Sao Felix do Xingu,100,BR,1562709659,79,-6.64,-51.99,76.61,2.73
622,Umm Lajj,0,SA,1562709820,77,25.02,37.27,84.17,2.51
623,Berlevag,75,NO,1562709821,81,70.86,29.09,44.6,8.05
624,Joshimath,100,IN,1562709823,99,30.57,79.57,56.81,2.44
625,Gelgaudiskis,55,LT,1562709824,95,55.08,22.98,53.03,8.19
626,Makasar,20,ID,1562709825,65,-6.28,106.88,81.0,5.82
627,Codrington,90,AU,1562709826,93,-28.95,153.24,53.01,4.7
628,Aswan,0,EG,1562709828,17,24.09,32.9,91.4,4.7
629,Fukue,75,JP,1562709829,69,35.03,136.69,78.01,12.75
630,Grindavik,75,IS,1562709830,62,63.84,-22.43,57.99,8.05
631,Turukhansk,100,RU,1562709831,82,65.8,87.96,51.77,4.43
632,Ron Phibun,100,TH,1562709832,91,8.18,99.85,72.47,1.99
633,Nova Olinda do Norte,36,BR,1562709834,92,-3.89,-59.1,80.21,1.43
634,Seoul,1,KR,1562709312,64,37.57,126.98,71.6,1.12
635,Kankon,90,IN,1562709836,88,15.02,74.02,82.4,19.46
636,Lata,100,IN,1562709837,99,30.78,78.62,47.45,3.15
637,Terra Santa,39,BR,1562709838,64,-2.1,-56.49,85.25,3.33
638,Ambagarh Chauki,100,IN,1562709840,80,20.78,80.75,78.77,10.25
639,Muravlenko,73,RU,1562709841,69,63.79,74.5,48.17,7.83
640,Tchollire,100,CM,1562709843,95,8.4,14.17,73.73,3.0
641,Nchelenge,47,ZM,1562709844,48,-9.35,28.74,65.99,7.87
642,Rabaul,34,PG,1562709846,75,-4.2,152.17,80.03,5.28
643,Dali,0,CN,1562709847,57,34.79,109.94,66.89,0.92
644,Kihei,40,US,1562709848,58,20.76,-156.45,91.4,16.11
645,Whitehorse,90,CA,1562709849,40,60.72,-135.06,70.0,3.36
646,Bonthe,78,SL,1562709850,85,7.53,-12.5,76.97,12.12
647,Vila,0,IT,1562709852,73,45.18,8.4,73.99,1.12
648,Enkoping,52,SE,1562709853,62,59.64,17.08,55.99,9.17
649,Sydney Mines,40,CA,1562709854,48,46.24,-60.22,66.99,16.11
650,Ormara,84,PK,1562709855,77,25.21,64.64,82.01,7.74
651,Lasa,0,CY,1562709856,88,34.92,32.53,80.6,3.36
652,Milkovo,75,BG,1562709858,78,41.53,24.68,81.0,13.87
653,Bulaevo,0,KZ,1562709859,94,54.91,70.44,53.39,6.78
654,Fort Nelson,75,CA,1562709860,39,58.81,-122.69,66.2,2.24
655,Xining,42,CN,1562709861,88,36.62,101.77,41.69,3.27
656,Tonota,0,BW,1562709862,54,-21.44,27.46,54.11,7.27
657,Ulladulla,0,AU,1562709864,81,-35.36,150.48,48.99,10.29
658,Waingapu,4,ID,1562709865,88,-9.65,120.26,65.45,8.48
659,Guasdualito,75,VE,1562709866,100,7.24,-70.73,75.2,2.24
660,Dalhousie,90,CA,1562709867,49,48.06,-66.37,68.0,6.93
661,San Rafael,0,AR,1562709868,50,-34.61,-68.33,53.75,4.85
662,Novonikolsk,90,RU,1562709870,93,43.85,131.86,60.8,6.71
663,Mach,0,PK,1562709871,14,29.87,67.33,69.77,0.81
664,Katobu,15,ID,1562709872,89,-4.94,122.53,70.13,3.2
665,Shenxian,95,CN,1562709873,75,36.24,115.67,70.67,2.35
666,El Alto,0,BO,1562709875,11,-16.5,-68.19,57.2,10.29
667,Caravelas,54,BR,1562709876,64,-17.73,-39.27,71.03,11.12
668,Sinnamary,1,GF,1562709877,77,5.38,-52.96,81.65,12.75
669,Daru,99,PG,1562709878,88,-9.07,143.21,73.37,7.07
670,Dunedin,100,NZ,1562709879,85,-45.87,170.5,50.0,14.0
671,Kakonko,69,TZ,1562709881,75,-3.28,30.97,66.71,1.63
672,Rocky Mountain House,100,CA,1562709839,88,52.38,-114.92,55.19,6.22
673,Hannibal,1,US,1562709702,70,39.71,-91.36,90.0,8.05
674,Souris,40,CA,1562709886,52,46.36,-62.25,68.0,8.05
675,Lensk,86,RU,1562709887,76,60.71,114.91,62.39,3.96
676,Roseburg,90,US,1562709889,56,43.22,-123.34,72.0,1.45
677,Camopi,39,GF,1562709890,91,3.17,-52.33,77.15,3.96
678,Arbagar,30,RU,1562709891,74,51.94,116.28,59.87,2.91
679,Noumea,0,NC,1562709622,77,-22.28,166.46,62.6,1.12
680,Merrill,1,US,1562709893,29,42.03,-121.6,77.0,3.36
681,Coquimbo,90,CL,1562709894,82,-29.95,-71.34,62.01,11.41
682,Moultrie,1,US,1562709781,49,31.18,-83.79,95.0,5.82
683,Vanavara,0,RU,1562709897,74,60.35,102.28,56.27,2.39
684,Jiazi,0,CN,1562709898,83,19.61,110.49,82.4,4.47
685,Lao Cai,100,VN,1562709883,99,22.48,103.95,65.99,1.61
686,Bonnyville,40,CA,1562709900,51,54.27,-110.74,62.6,5.82
687,Te Anau,100,NZ,1562709902,92,-45.41,167.72,42.95,3.44
688,Havelock,75,US,1562709629,58,34.88,-76.9,86.0,10.29
689,Revelstoke,75,CA,1562709904,56,50.99,-118.19,73.4,8.05
690,Bay Roberts,40,CA,1562709905,49,47.58,-53.28,68.0,19.46
691,Roswell,1,US,1562709907,11,33.39,-104.52,102.2,5.82
692,Hobyo,100,SO,1562709909,74,5.35,48.53,78.23,24.43
693,Bosaso,65,SO,1562709910,62,11.28,49.18,91.55,2.91
694,Urucara,98,BR,1562709911,81,-2.54,-57.76,81.47,2.98
695,Hirado,75,JP,1562709914,100,33.32,129.49,73.99,3.36
696,Zapolyarnyy,75,RU,1562709916,81,69.43,30.82,44.6,14.99
697,Oranjemund,0,ZA,1562709918,46,-28.55,16.43,65.45,8.43
698,Vila Velha,0,BR,1562709919,74,-3.71,-38.6,86.0,5.82
699,Kazachinskoye,84,RU,1562709920,85,57.69,93.28,58.97,4.72
700,Cao Bang,100,VN,1562709922,97,22.67,106.25,69.77,2.19
701,Wanaka,100,NZ,1562709923,98,-44.7,169.14,34.85,4.32
702,Oum Hadjer,0,TD,1562709924,48,13.3,19.7,87.59,4.38
703,Beyneu,76,KZ,1562709927,15,45.32,55.19,88.49,4.56
704,Vilhena,0,BR,1562709638,37,-12.74,-60.15,84.2,6.93
705,Nantucket,1,US,1562709931,47,41.28,-70.1,81.0,8.05
706,Aitape,56,PG,1562709932,83,-3.15,142.36,74.99,3.98
707,Zarand,0,IR,1562709933,6,30.81,56.57,80.6,4.7
708,Taft,55,PH,1562709935,97,11.9,125.42,71.75,0.58
709,Weihai,69,CN,1562709936,85,37.5,122.11,68.33,7.11
710,Thunder Bay,75,CA,1562709704,57,48.41,-89.26,80.6,14.99
711,Creel,89,MX,1562709938,51,27.75,-107.63,70.49,5.66
712,Avera,90,US,1562709939,78,33.19,-82.53,90.0,10.29
713,San Pedro,100,AR,1562709940,73,-33.68,-59.66,60.01,3.24
714,Phibun Mangsahan,75,TH,1562709942,94,15.24,105.23,78.8,2.24
715,Sfantu Gheorghe,0,RO,1562709943,87,44.65,26.83,66.99,5.82
716,Lagos,20,NG,1562709934,88,6.46,3.39,78.8,38.03
717,Sitka,0,US,1562709945,62,37.17,-99.65,89.01,4.0
718,Garowe,15,SO,1562709946,42,8.41,48.48,84.89,24.56
719,Unity,72,CA,1562709948,69,52.44,-109.15,71.01,5.99
720,Orange Cove,0,US,1562709949,27,36.62,-119.31,91.99,4.7
721,Lazarev,9,RU,1562709950,92,52.23,141.51,45.11,9.66
722,Alcaniz,0,ES,1562709951,65,41.05,-0.13,70.0,11.01
723,Banda Aceh,72,ID,1562709755,71,5.56,95.32,83.45,4.92
724,Suna,20,FI,1562709953,81,60.2,24.68,55.0,8.05
725,Ugoofaaru,100,MV,1562709956,78,5.67,73.0,84.17,12.8
726,Luba,69,PH,1562709957,90,17.32,120.7,72.65,3.71
727,Baruun-Urt,0,MN,1562709958,69,46.68,113.28,60.23,3.65
728,Arroio dos Ratos,90,BR,1562709959,71,-30.09,-51.73,59.0,2.24
729,Ardakan,75,IR,1562709961,11,32.31,54.02,96.8,6.93
730,Kondinskoye,92,RU,1562709962,84,59.65,67.41,55.73,5.14
731,Ahuimanu,40,US,1562709963,83,21.44,-157.84,89.6,11.41
732,Atasu,0,KZ,1562709947,59,48.68,71.64,63.29,4.99
733,Bowen,90,AU,1562709965,93,-20.01,148.25,68.0,2.82
734,Daoukro,100,CI,1562709967,97,7.06,-3.97,70.13,2.95
735,Moranbah,78,AU,1562709968,87,-22.0,148.04,59.69,4.74
736,Beira,20,ES,1562709969,88,43.2,-8.36,64.99,2.24
737,Vercelli,0,IT,1562709970,73,45.33,8.42,73.99,1.12
738,Tomatlan,0,MX,1562709971,64,19.93,-105.25,85.43,9.69
739,Ketchikan,90,US,1562709973,77,55.34,-131.65,62.6,11.41
740,Kangasala,90,FI,1562709974,71,61.46,24.07,53.6,2.24
741,Channel-Port aux Basques,0,CA,1562709975,89,47.57,-59.14,52.49,14.74
742,Savannah Bight,26,HN,1562709976,79,16.45,-85.85,83.27,21.83
743,Semirom,0,IR,1562709978,21,31.41,51.57,62.03,3.91
744,Lashio,100,MM,1562709979,99,22.93,97.75,69.05,2.55
745,Kirakira,61,SB,1562709980,80,-10.46,161.92,79.49,19.57
746,Nizwa,85,OM,1562709981,31,22.93,57.53,83.45,2.17
747,Batagay-Alyta,100,RU,1562709982,74,67.8,130.41,61.85,2.46
748,Nacogdoches,40,US,1562709817,52,31.6,-94.66,93.99,3.36
749,Corlu,90,AZ,1562709985,68,40.93,47.73,71.6,2.24
750,Pombas,0,BR,1562709987,33,-15.9,-54.74,79.31,4.07
751,Jasper,1,US,1562709856,39,33.83,-87.28,100.4,3.62
752,East Hemet,1,US,1562709989,20,33.74,-116.94,98.01,5.82
753,Rock Sound,0,BS,1562709991,75,24.9,-76.2,83.45,11.39
754,Kenai,1,US,1562709992,72,60.55,-151.26,72.0,11.41
755,Aquiraz,0,BR,1562709993,74,-3.9,-38.39,86.0,5.82
756,Madisonville,1,US,1562709724,44,37.33,-87.5,93.2,3.36
757,Lake City,1,US,1562709995,15,38.03,-107.32,81.0,8.05
758,Kongsberg,3,NO,1562709997,77,59.67,9.65,64.99,4.7
759,Quebec,75,CA,1562709998,32,46.83,-71.24,82.99,8.05
760,Flin Flon,75,CA,1562709999,36,54.77,-101.88,75.2,5.82
761,Sumenep,7,ID,1562710000,94,-7.02,113.87,69.59,4.52
762,Bartica,20,GY,1562710001,74,6.41,-58.62,84.2,13.87
763,San Policarpo,99,PH,1562710003,83,12.18,125.51,77.87,4.81
764,Vanimo,95,PG,1562710004,78,-2.67,141.3,79.13,8.08
765,Buchanan,75,LR,1562710005,88,5.88,-10.05,78.8,14.34
766,Mayo,75,CA,1562710006,26,63.59,-135.9,71.6,4.7
767,Alyangula,0,AU,1562710007,93,-13.85,136.42,60.8,11.05
768,Annbank,75,GB,1562710010,100,55.47,-4.52,59.0,5.82
769,Turba,90,EE,1562710011,93,59.08,24.24,57.0,6.93
770,Richmond,1,CA,1562710012,64,49.16,-123.14,80.01,3.36
771,Egvekinot,0,RU,1562710013,32,66.32,-179.17,73.91,1.16
772,Palmer,0,AU,1562710017,81,-34.85,139.16,48.2,16.11
773,Jishou,20,CN,1562710019,93,28.26,109.7,64.01,1.68
774,Pinega,16,RU,1562710020,84,64.7,43.39,43.31,8.39
775,Mocajuba,64,BR,1562710022,93,-2.58,-49.5,77.51,2.15
776,Padang,99,ID,1562710023,78,-0.92,100.36,82.55,10.13
777,Vizinga,100,RU,1562710025,95,61.08,50.08,53.39,3.96
778,Yakeshi,100,CN,1562710026,91,49.28,120.73,58.61,2.06
779,General Elizardo Aquino,0,PY,1562710028,59,-24.45,-56.9,70.67,4.65
780,Uzhur,99,RU,1562710030,72,55.32,89.85,59.15,4.05
781,Ambon,0,FR,1562710031,56,47.55,-2.56,69.01,9.17
782,Port Hardy,90,CA,1562710032,77,50.7,-127.42,64.4,8.7
783,Zhigansk,34,RU,1562710034,91,66.77,123.37,63.29,9.64
784,Pierre,1,US,1562709787,51,44.37,-100.35,82.99,20.8
785,Talara,0,PE,1562710036,290,-4.58,-81.27,62.6,13.87
786,Conceicao da Barra,31,BR,1562710037,71,-18.59,-39.73,65.27,5.39
787,Herat,0,AF,1562710038,25,34.35,62.22,77.0,3.36
788,Sokoto,100,NG,1562710039,65,13.06,5.24,82.19,9.19
789,Inuvik,75,CA,1562710042,35,68.36,-133.71,69.8,5.82
790,San Vicente,20,EC,1562710043,78,-0.59,-80.41,78.8,16.11
791,Mahajanga,0,MG,1562710044,83,-15.72,46.32,77.0,4.7
792,Zuenoula,94,CI,1562710046,95,7.43,-6.04,71.93,4.23
793,Mogadishu,71,SO,1562710048,86,2.04,45.34,76.79,13.0
794,Westport,1,US,1562709964,39,41.14,-73.36,89.01,4.7
795,Tuy Hoa,98,VN,1562710050,66,13.08,109.3,79.31,7.65
796,Mersing,100,MY,1562710051,96,2.43,103.84,74.09,1.92
797,Lacaron,97,PH,1562710052,70,10.83,121.99,83.99,6.64
798,Aljezur,88,PT,1562710054,80,37.31,-8.8,70.0,12.35
799,Homer,1,US,1562710055,82,59.64,-151.54,72.0,6.93
800,Mugur-Aksy,82,RU,1562710056,85,50.38,90.44,42.23,3.74
801,Millau,83,FR,1562710057,93,44.1,3.08,64.4,2.24
802,Wuning,100,CN,1562710059,99,29.26,120.23,70.0,2.86
803,Juruti,39,BR,1562710061,64,-2.16,-56.09,85.25,3.33
804,Iskateley,100,RU,1562710062,93,67.68,53.15,39.89,8.68
805,Santa Lucia,0,IT,1562710063,57,41.98,12.66,82.0,1.12
806,Banepa,75,NP,1562710064,100,27.63,85.52,69.8,1.68
807,Concarneau,0,FR,1562710065,55,47.88,-3.92,66.2,4.7
808,Ipixuna,75,BR,1562710067,83,-1.76,-48.8,78.8,9.17
809,Baykit,69,RU,1562710068,79,61.68,96.39,53.21,2.84
810,Beckley,1,US,1562709940,58,37.78,-81.19,87.8,4.54
811,Praia da Vitoria,20,PT,1562710071,83,38.73,-27.07,71.6,8.97
812,Songea,0,TZ,1562710072,74,-10.68,35.65,61.31,3.13
813,Tezu,100,IN,1562710074,98,27.93,96.16,68.51,3.53
814,Olga,1,US,1562709785,37,34.11,-118.17,87.01,4.7
815,Kerema,39,PG,1562710076,83,-7.96,145.78,76.61,3.85
816,Mezen,56,RU,1562710077,84,65.85,44.24,44.93,9.46
817,Lubumbashi,0,CD,1562710078,39,-11.66,27.48,57.89,2.84
818,Isla Mujeres,75,MX,1562710080,66,21.23,-86.73,87.8,12.75
819,Axim,100,GH,1562710081,90,4.87,-2.24,75.35,8.41
820,Chagoda,100,RU,1562710083,97,59.16,35.33,52.31,4.74
821,Hueytown,1,US,1562710084,47,33.45,-87.0,99.0,8.05
822,Ongandjera,87,NA,1562710086,14,-17.88,15.07,59.33,7.29
823,Bud,20,NO,1562710087,93,62.91,6.91,57.2,12.75
824,Chicama,40,PE,1562710088,82,-7.84,-79.15,66.2,8.05
825,Voi,39,KE,1562710089,88,-3.4,38.57,67.61,11.36
826,Montgomery,40,US,1562710090,56,32.37,-86.3,98.6,10.29
827,Manakara,93,MG,1562710093,90,-22.14,48.01,67.61,3.15
828,Luangwa,0,MZ,1562710094,41,-15.62,30.4,58.79,3.44
829,Santa Paula,1,US,1562710074,56,34.35,-119.06,84.99,11.41
830,Ulaangom,99,MN,1562710096,58,49.98,92.07,64.01,2.48
831,Morondava,39,MG,1562710097,61,-20.3,44.28,73.91,20.31
832,Wellsford,1,NZ,1562710099,86,-36.3,174.52,53.01,1.01
833,Sinop,0,TR,1562710100,77,42.03,35.15,68.87,11.61
834,Makarov,91,RU,1562710101,86,48.62,142.78,47.99,4.09
835,Sibolga,94,ID,1562709821,74,1.74,98.78,81.83,4.9
836,Karasjok,90,NO,1562710103,93,69.47,25.52,46.4,12.75
837,Veraval,0,FR,1562710105,63,49.65,0.71,63.0,9.17
838,Sri Aman,59,MY,1562710106,94,1.24,111.46,69.8,1.66
839,Campbell River,75,CA,1562710107,56,50.02,-125.24,75.0,10.29
840,Mareeba,77,AU,1562710109,78,-16.99,145.42,71.6,10.29
841,Novokayakent,100,RU,1562710110,54,42.39,47.99,78.8,15.66
842,Ewa Beach,40,US,1562710110,55,21.32,-158.01,89.6,18.34
843,Balkhash,0,KZ,1562710113,39,46.84,74.98,76.79,15.43
844,Garango,97,BF,1562710114,74,11.8,-0.55,77.15,5.91
845,Borogontsy,100,RU,1562710116,97,62.67,131.17,60.59,5.95
846,Myrhorod,71,UA,1562710118,83,49.97,33.61,55.37,8.08
847,Oktyabrskoye,20,RU,1562710119,100,56.73,85.44,60.01,2.24
848,Griffith,0,AU,1562710120,100,-34.29,146.06,37.4,6.38
849,Safranbolu,0,TR,1562710121,69,41.25,32.69,64.55,3.09
850,Hervey Bay,40,AU,1562710122,87,-25.3,152.85,63.0,4.7
851,Orotukan,1,RU,1562710124,46,62.26,151.67,66.17,3.13
852,Linjiang,0,CN,1562710126,93,41.81,126.91,57.17,1.57
853,Dongsheng,15,CN,1562710127,91,29.72,112.52,68.51,3.0
854,Werder,62,DE,1562710129,78,53.49,13.1,55.99,1.99
855,Danilov,90,RU,1562710131,100,58.19,40.17,55.4,4.47
856,Inhambane,0,MZ,1562710132,79,-23.87,35.38,59.69,2.28
857,Narodychi,98,UA,1562710133,95,51.2,29.09,52.85,8.25
858,Aviles,90,ES,1562710134,88,43.55,-5.92,66.0,2.24
859,Saravan,7,AM,1562710136,56,39.72,45.65,69.8,6.93
860,Krasnoarmeysk,0,RU,1562710137,82,56.12,38.15,59.0,11.18
861,Oistins,20,BB,1562710138,70,13.07,-59.53,86.0,20.8
862,Rome,0,IT,1562709947,57,41.89,12.48,80.01,1.12
863,Kathu,0,ZA,1562710140,58,-27.7,23.05,45.0,4.76
864,Coolum Beach,41,AU,1562710141,100,-26.53,153.09,59.0,2.53
865,Newcastle,0,AU,1562709961,87,-32.93,151.78,46.99,17.22
866,Lakeside,5,US,1562710145,44,32.86,-116.92,84.99,10.29
867,Tanout,61,NE,1562710146,34,14.97,8.88,89.57,6.96
868,Hatillo,40,PR,1562710147,83,18.49,-66.83,86.0,10.29
869,Hohhot,20,CN,1562710149,82,40.81,111.65,60.8,2.24
870,Vuktyl,63,RU,1562710151,89,63.86,57.31,49.43,4.32
871,Zeya,26,RU,1562710152,88,53.74,127.27,62.57,0.89
872,Inverness,100,GB,1562710153,93,57.48,-4.23,62.01,11.41
873,Bay-Khaak,31,RU,1562710154,56,51.16,94.47,59.15,2.19
874,Foumban,100,CM,1562710156,97,5.73,10.9,62.75,1.54
875,Dehui,0,CN,1562710158,72,44.53,125.71,68.0,2.24
876,Southbridge,75,US,1562710159,35,42.08,-72.03,88.0,6.93
877,Nangomba,70,TZ,1562710160,75,-10.9,38.52,71.03,5.17
878,Darfield,100,NZ,1562710162,93,-43.49,172.11,52.0,4.7
879,Deputatskiy,4,RU,1562710164,76,69.3,139.9,63.83,2.75
880,Mackenzie,75,CA,1562710165,48,55.34,-123.09,66.2,2.24
881,Tambo,20,PE,1562710166,23,-12.95,-74.02,73.4,5.82
882,Orocue,67,CO,1562710168,75,4.79,-71.34,78.05,8.01
883,Roebourne,95,AU,1562710169,36,-20.77,117.15,66.35,4.12
884,Copiapo,90,CL,1562710170,71,-27.37,-70.33,55.4,10.29
885,Evensk,13,RU,1562710171,61,61.92,159.24,64.37,2.28
886,Carutapera,42,BR,1562710173,83,-1.2,-46.02,78.77,6.91
887,Baiao,82,BR,1562710175,93,-2.79,-49.67,76.79,2.57
888,Pingliang,0,CN,1562710176,80,35.54,106.68,49.97,4.83
889,Conceicao do Araguaia,28,BR,1562710175,42,-8.26,-49.26,85.25,4.18
890,Arlit,64,NE,1562710178,18,18.74,7.39,97.85,4.16
891,Naifaru,100,MV,1562710179,77,5.44,73.37,84.17,11.68
892,Watertown,40,US,1562710098,58,44.9,-97.12,87.8,10.29
893,Iluppur,75,IN,1562710182,69,10.51,78.62,82.4,5.82
894,Masalli,75,KR,1562710183,88,34.8,126.66,71.6,5.82
895,Salinopolis,83,BR,1562710184,75,-0.61,-47.36,82.01,15.03
896,Hoquiam,90,US,1562710189,82,46.98,-123.89,73.99,5.53
897,Lebork,75,PL,1562710190,87,54.54,17.75,55.99,10.29
898,Jieshi,100,CN,1562710191,87,22.82,115.83,80.01,4.05
899,ChengDe,98,CN,1562710192,90,40.97,117.93,60.05,1.14
900,Verkhoyansk,40,RU,1562710193,68,67.55,133.39,65.27,2.84
901,Masyaf,0,SY,1562710195,82,35.06,36.34,71.39,4.59
902,Alasehir,0,TR,1562710196,10,38.35,28.52,75.0,58.0
903,Inirida,52,CO,1562710197,86,3.87,-67.92,79.13,2.68
904,Dumas,40,IN,1562710198,83,21.09,72.71,84.2,6.93
905,North Bend,90,US,1562710200,100,43.41,-124.22,66.0,8.05
906,Santiago de Cao,40,PE,1562710201,82,-7.96,-79.24,66.2,8.05
907,Pakala,32,GM,1562710202,69,13.62,-15.52,81.47,15.46
908,Nueva Florida,0,PE,1562710203,58,-6.95,-76.61,86.0,4.09
909,Garachine,100,PA,1562710204,71,8.06,-78.36,82.19,6.38
910,Sasebo,75,JP,1562710206,100,33.18,129.67,73.99,3.36
911,Shakhtinsk,0,KZ,1562710207,93,49.71,72.59,44.6,8.95
912,Marolambo,100,MG,1562710208,99,-20.05,48.13,62.93,1.79
913,Cravo Norte,100,CO,1562710209,86,6.3,-70.2,76.43,4.74
914,Nurobod,0,UZ,1562710210,42,40.91,69.8,80.6,6.93
915,El Aguila,40,MX,1562710212,34,19.17,-99.41,84.2,9.17
916,Kysyl-Syr,76,RU,1562710213,88,63.9,122.77,65.81,1.48
917,Ust-Kuyga,0,RU,1562710215,63,70.0,135.55,70.67,9.19
918,Corrales,91,CO,1562710216,78,5.83,-72.84,53.75,2.66
919,Micheweni,38,TZ,1562710219,79,-4.97,39.83,79.13,17.6
920,San Bernardo,8,CL,1562710220,71,-33.59,-70.7,59.0,8.05
921,Payo,29,ID,1562710221,98,-3.75,103.64,65.99,2.77
922,Guadalajara,0,ES,1562710160,43,40.63,-3.16,77.0,4.7
923,Roros,0,NO,1562710224,93,62.57,11.38,50.0,4.7
924,Lulea,0,SE,1562710225,55,65.58,22.15,60.8,1.12
925,Batsfjord,75,NO,1562710226,93,70.63,29.72,44.6,11.41
926,Maumere,4,ID,1562710227,78,-8.63,122.22,71.21,8.23
927,Tripoli,0,GR,1562710228,69,37.51,22.37,78.01,8.05
928,Ararat,0,AM,1562710230,46,39.85,44.7,69.8,6.87
929,Saint Stephen,90,US,1562710231,94,45.7,-94.27,75.2,4.7
930,Manggar,53,ID,1562710232,87,-2.88,108.27,74.99,4.43
931,Preobrazheniye,39,RU,1562710233,95,42.9,133.91,56.27,2.26
932,Mastung,0,PK,1562710235,11,29.8,66.85,76.07,6.26
933,Gobabis,0,NA,1562710236,25,-22.45,18.97,52.67,9.42
934,Luau,15,CD,1562710237,28,-10.7,22.23,60.05,1.57
935,Antofagasta,75,CL,1562710204,76,-23.65,-70.4,57.2,13.87
936,Lucea,75,JM,1562710239,83,18.44,-78.17,88.0,4.7
937,Turbat,44,PK,1562710240,87,26.0,63.05,79.31,4.54
938,Le Port,78,FR,1562710242,68,42.87,1.37,66.0,5.01
939,Zdvinsk,0,RU,1562710243,94,54.7,78.67,52.31,8.72
940,Buta,92,CD,1562710244,98,2.79,24.73,69.77,0.72
941,San Matias,0,BO,1562710245,28,-16.36,-58.4,87.23,5.37
942,Kizema,100,RU,1562710246,98,61.11,44.83,54.65,5.66
943,Batticaloa,100,LK,1562709964,81,7.71,81.69,78.41,2.71
944,Bilma,47,NE,1562710249,18,18.69,12.92,96.41,8.03
